epoch,accuracy,f1,loss,precision,recall,val_accuracy,val_f1,val_loss,val_precision,val_recall
0,0.625,0.21052631735801697,0.6858460307121277,0.23529411852359772,0.190476194024086,0.6640625,0.12244898080825806,0.6570889949798584,0.375,0.0731707289814949
1,0.6625000238418579,0.06896551698446274,0.6382938623428345,0.5,0.03703703731298447,0.6796875,0.0,0.6246144771575928,0.0,0.0
2,0.7250000238418579,0.0,0.5874351263046265,0.0,0.0,0.6796875,0.0,0.6252090930938721,0.0,0.0
