epoch,accuracy,f1,loss,precision,recall,val_accuracy,val_f1,val_loss,val_precision,val_recall
0,0.8055784106254578,0.6678729057312012,0.4269942343235016,0.7280297875404358,0.616898775100708,0.8420107960700989,0.7737789154052734,0.35629868507385254,0.7082353234291077,0.8526912331581116
1,0.8889608383178711,0.8218971490859985,0.26600882411003113,0.8357005715370178,0.8085422515869141,0.8895870447158813,0.8139182925224304,0.29711395502090454,0.8733766078948975,0.7620396614074707
2,0.9474520683288574,0.9169997572898865,0.13817058503627777,0.917938232421875,0.916063129901886,0.8940753936767578,0.8361111879348755,0.3387363851070404,0.8201634883880615,0.8526912331581116
3,0.9779922366142273,0.9653382897377014,0.05948249250650406,0.9635522961616516,0.9671308994293213,0.8967683911323547,0.8311306834220886,0.4442303478717804,0.8628048896789551,0.801699697971344
4,0.9895257353782654,0.9834787249565125,0.03161061927676201,0.9831137657165527,0.983843982219696,0.9003590941429138,0.8350668549537659,0.4893759787082672,0.878125011920929,0.7960339784622192
5,0.9966458678245544,0.9947070479393005,0.010719501413404942,0.9947994351387024,0.9946146607398987,0.89497309923172,0.8330955505371094,0.5524563789367676,0.8390804529190063,0.8271954655647278
